{"stats":{"minecraft:crafted":{"minecraft:furnace":1,"minecraft:oak_planks":24,"minecraft:crafting_table":1,"minecraft:stick":8,"minecraft:stone_pickaxe":1,"minecraft:wooden_pickaxe":1,"minecraft:wooden_axe":1},"minecraft:killed":{"minecraft:sheep":7,"minecraft:pig":4,"minecraft:chicken":4},"minecraft:mined":{"minecraft:grass":4,"minecraft:oak_log":6,"minecraft:tall_grass":1,"minecraft:stone":15,"minecraft:crafting_table":1},"minecraft:custom":{"minecraft:interact_with_furnace":1,"minecraft:time_since_rest":4883,"minecraft:play_one_minute":4883,"minecraft:sprint_one_cm":18611,"minecraft:damage_taken":50,"minecraft:walk_one_cm":10913,"minecraft:sneak_time":1,"minecraft:mob_kills":15,"minecraft:jump":151,"minecraft:damage_dealt":1100,"minecraft:leave_game":1,"minecraft:time_since_death":4883,"minecraft:interact_with_crafting_table":3,"minecraft:fall_one_cm":3394,"minecraft:fly_one_cm":35976},"minecraft:used":{"minecraft:wooden_axe":16,"minecraft:crafting_table":2,"minecraft:furnace":1,"minecraft:stone_pickaxe":12,"minecraft:wooden_pickaxe":3},"minecraft:picked_up":{"minecraft:crafting_table":1,"minecraft:feather":4,"minecraft:chicken":4,"minecraft:brown_wool":1,"minecraft:wheat_seeds":2,"minecraft:porkchop":7,"minecraft:gray_wool":1,"minecraft:oak_log":6,"minecraft:light_gray_wool":1,"minecraft:mutton":10,"minecraft:white_wool":4,"minecraft:cobblestone":15}},"DataVersion":2586}