{"stats":{"minecraft:killed_by":{"minecraft:pillager":1},"minecraft:crafted":{"minecraft:oak_planks":40,"minecraft:cooked_porkchop":13,"minecraft:shield":3,"minecraft:crafting_table":1,"minecraft:stick":12,"minecraft:wooden_pickaxe":1,"minecraft:iron_ingot":6,"minecraft:iron_pickaxe":1,"minecraft:stone_pickaxe":1,"minecraft:wooden_axe":1,"minecraft:furnace":1,"minecraft:white_bed":1,"minecraft:stone_axe":1,"minecraft:air":0},"minecraft:killed":{"minecraft:sheep":7,"minecraft:pillager":2,"minecraft:pig":7,"minecraft:chicken":2},"minecraft:mined":{"minecraft:white_bed":1,"minecraft:furnace":2,"minecraft:iron_ore":6,"minecraft:crafting_table":3,"minecraft:granite":3,"minecraft:grass":22,"minecraft:grass_block":1,"minecraft:oak_log":10,"minecraft:coal_ore":6,"minecraft:tall_grass":2,"minecraft:cobblestone":9,"minecraft:stone":25,"minecraft:oxeye_daisy":1,"minecraft:oak_leaves":1},"minecraft:custom":{"minecraft:time_since_rest":4942,"minecraft:interact_with_furnace":11,"minecraft:sprint_one_cm":39211,"minecraft:damage_taken":360,"minecraft:walk_one_cm":25292,"minecraft:damage_blocked_by_shield":280,"minecraft:mob_kills":18,"minecraft:damage_dealt":1905,"minecraft:interact_with_crafting_table":12,"minecraft:fly_one_cm":129353,"minecraft:play_one_minute":16004,"minecraft:deaths":1,"minecraft:sneak_time":155,"minecraft:walk_under_water_one_cm":326,"minecraft:jump":433,"minecraft:leave_game":3,"minecraft:time_since_death":4831,"minecraft:walk_on_water_one_cm":854,"minecraft:sleep_in_bed":1,"minecraft:fall_one_cm":12192},"minecraft:used":{"minecraft:wooden_axe":9,"minecraft:stone_pickaxe":41,"minecraft:iron_pickaxe":3,"minecraft:wooden_pickaxe":7,"minecraft:shield":8,"minecraft:stone_axe":57,"minecraft:cobblestone":20,"minecraft:crafting_table":3,"minecraft:furnace":2,"minecraft:cooked_porkchop":2,"minecraft:white_bed":1,"minecraft:granite":2},"minecraft:picked_up":{"minecraft:wooden_axe":1,"minecraft:stick":4,"minecraft:crafting_table":3,"minecraft:feather":4,"minecraft:chicken":4,"minecraft:wooden_pickaxe":1,"minecraft:porkchop":13,"minecraft:oak_log":10,"minecraft:shield":3,"minecraft:white_bed":2,"minecraft:dirt":1,"minecraft:arrow":2,"minecraft:apple":2,"minecraft:stone_axe":1,"minecraft:wheat_seeds":3,"minecraft:stone_pickaxe":1,"minecraft:granite":4,"minecraft:iron_ore":6,"minecraft:gray_wool":2,"minecraft:iron_pickaxe":1,"minecraft:oak_planks":3,"minecraft:oak_sapling":6,"minecraft:black_wool":2,"minecraft:mutton":20,"minecraft:white_wool":7,"minecraft:coal":14,"minecraft:cobblestone":34,"minecraft:furnace":2,"minecraft:egg":5,"minecraft:oxeye_daisy":2}},"DataVersion":2586}