{"stats":{"minecraft:custom":{"minecraft:time_since_rest":3258,"minecraft:play_one_minute":3258,"minecraft:sprint_one_cm":4967,"minecraft:walk_one_cm":6164,"minecraft:sneak_time":4,"minecraft:walk_under_water_one_cm":326,"minecraft:jump":43,"minecraft:time_since_death":3258,"minecraft:walk_on_water_one_cm":509,"minecraft:fall_one_cm":1045,"minecraft:interact_with_crafting_table":2,"minecraft:fly_one_cm":7288},"minecraft:crafted":{"minecraft:oak_planks":20,"minecraft:crafting_table":1,"minecraft:stick":8,"minecraft:wooden_pickaxe":1,"minecraft:stone_pickaxe":1,"minecraft:wooden_axe":1},"minecraft:mined":{"minecraft:granite":2,"minecraft:grass":2,"minecraft:coal_ore":6,"minecraft:oak_log":5,"minecraft:iron_ore":6,"minecraft:stone":10,"minecraft:oxeye_daisy":1,"minecraft:crafting_table":1},"minecraft:used":{"minecraft:wooden_axe":1,"minecraft:crafting_table":2,"minecraft:stone_pickaxe":17,"minecraft:wooden_pickaxe":7,"minecraft:granite":1},"minecraft:picked_up":{"minecraft:crafting_table":1,"minecraft:arrow":1,"minecraft:granite":2,"minecraft:iron_ore":6,"minecraft:oak_log":5,"minecraft:coal":6,"minecraft:cobblestone":9}},"DataVersion":2586}